S.No,Course Title,Category,Package Type,Price (INR),Carousel Images,Image Count,Slug,Course ID,Status
1,"Agri Branding, Packaging & Market Entry Playbook",Agriculture,business-tools,299,YES,5,agri-branding-packaging-market-entry-playbook,6ac0f810dd3bf4a12560b8e5,Published
2,Agri Funding & Loan Mastery Guide,Agriculture,business-tools,299,YES,5,agri-funding-loan-mastery-guide,6ac0f810dd3bf4a12560b92a,Published
3,"Agri Risks, Climate Threats & Profit Protection Guide",Agriculture,business-tools,299,YES,4,agri-risks-climate-threats-profit-protection-guide,6ac0f810dd3bf4a12560b92b,Published
4,Agri Supply Chain & Buyer Discovery System,Agriculture,business-tools,299,YES,5,agri-supply-chain-buyer-discovery-system,6ac0f810dd3bf4a12560b8e6,Published
5,Farm SOPs & Scale-Up Systems,Agriculture,business-tools,299,YES,5,farm-sops-scale-up-systems,6ac0f810dd3bf4a12560b8e7,Published
6,Farm to Fortune,Agriculture,business-tools,299,YES,5,farm-to-fortune,6ac0f810dd3bf4a12560b92c,Published
7,"Government Schemes, Subsidies & Grants Bible (Agri Edition)",Agriculture,business-tools,299,YES,3,government-schemes-subsidies-grants-bible-agri-edition,6ac0f810dd3bf4a12560b92d,Published
8,High-Margin Crop & Product Selection Blueprint,Agriculture,business-tools,299,YES,3,high-margin-crop-product-selection-blueprint,6ac0f810dd3bf4a12560b92e,Published
9,The Indian Farmer-to-Founder Playbook,Agriculture,business-tools,299,YES,4,the-indian-farmer-to-founder-playbook,6ac0f810dd3bf4a12560b92f,Published
10,"D2C Marketing System: Ads, Influencers & Content",Commerce,business-tools,299,YES,5,d2c-marketing-system-ads-influencers-content,6ac0f810dd3bf4a12560b930,Published
11,"Retail Risks, Returns & Brand Failure Prevention",Commerce,business-tools,299,YES,6,retail-risks-returns-brand-failure-prevention,6ac0f810dd3bf4a12560b932,Published
12,"Supplier Sourcing, Private Label & Margin Strategy",Commerce,business-tools,299,YES,5,supplier-sourcing-private-label-margin-strategy,6ac0f810dd3bf4a12560b8ed,Published
13,Vyapaarkit Marketing Tool,Commerce,business-tools,299,YES,5,vyapaarkit-marketing-tool,6ac0f810dd3bf4a12560b933,Published
14,AI Digital Marketing Agency: Scalable Service Model & Pricing Strategy,Digital,business-plans,299,YES,4,ai-digital-marketing-agency-scalable-service-model-pricing-strategy-profit-blueprint,6ac0f810dd3bf4a12560b8df,Published
15,Digital & AI Business Blueprint for India,Digital,business-tools,299,YES,6,digital-ai-business-blueprint-for-india,6ac0f810dd3bf4a12560b8ee,Published
16,"Digital Business Risks, Burnout & Platform Dependency Guide",Digital,business-tools,299,YES,6,digital-business-risks-burnout-platform-dependency-guide,6ac0f810dd3bf4a12560b91a,Published
17,"Global Clients, Payments & Tax Compliance Guide",Digital,business-tools,299,YES,6,global-clients-payments-tax-compliance-guide,6ac0f810dd3bf4a12560b91b,Published
18,High-Demand Digital Products & Services Finder,Digital,business-tools,299,YES,5,high-demand-digital-products-services-finder,6ac0f810dd3bf4a12560b91c,Published
19,1L per Month Namkeen & Popcorn Business Blueprint,F&B,business-plans,299,NO,0,1l-per-month-namkeen-popcorn-business-blueprint,6ac0f810dd3bf4a12560b924,Published
20,Food Truck Business Mobile Kitchen Income System,F&B,business-plans,299,YES,4,food-truck-business-mobile-kitchen-income-system,6ac0f810dd3bf4a12560b923,Published
21,Healthy Drinks Brand Launch Kit,F&B,business-plans,299,YES,0,healthy-drinks-brand-launch-kit,6ac0f810dd3bf4a12560b8e3,Published
22,"Food Business Risks, Recalls & Failure Prevention Guide",F&B,business-tools,299,YES,4,food-business-risks-recalls-failure-prevention-guide,6ac0f810dd3bf4a12560b920,Published
23,"Food Costing, Pricing & Margin Control Bible",F&B,business-tools,299,YES,6,food-costing-pricing-margin-control-bible,6ac0f810dd3bf4a12560b921,Published
24,Food Marketing & Distribution Growth System,F&B,business-tools,299,YES,5,food-marketing-distribution-growth-system,6ac0f810dd3bf4a12560b922,Published
25,From Kitchen to Brand: The Indian Food Business Playbook,F&B,business-tools,299,YES,5,from-kitchen-to-brand-the-indian-food-business-playbook,6ac0f810dd3bf4a12560b936,Published
26,From Kitchen to Customer,F&B,business-tools,299,YES,6,from-kitchen-to-customer,6ac0f810dd3bf4a12560b935,Published
27,Scaling from Small Batch to Mass Production,F&B,business-tools,299,YES,6,scaling-from-small-batch-to-mass-production,6ac0f810dd3bf4a12560b8f4,Published
28,Build an Ayurvedic Supplements Brand - Enter India's Fastest Growing Wellness Market - Profit Blueprint,Manufacturing,business-plans,299,NO,0,build-an-ayurvedic-supplements-brand-enter-indias-fastest-growing-wellness-market-profit-blueprint,6ac0f810dd3bf4a12560b926,Published
29,Spices (Masala) Manufacturing Unit: Complete Project Report for Mudra Loan - Profit Blueprint,Manufacturing,business-plans,299,NO,0,spices-masala-manufacturing-unit-complete-project-report-for-mudra-loan-profit-blueprint,6ac0f810dd3bf4a12560b927,Published
30,"B2B Sales, Dealerships & Distribution Systems",Manufacturing,business-tools,299,YES,5,b2b-sales-dealerships-distribution-systems,6ac0f810dd3bf4a12560b906,Published
31,"Compliance, Labour Laws & Factory Licenses Simplified",Manufacturing,business-tools,299,YES,5,compliance-labour-laws-factory-licenses-simplified,6ac0f810dd3bf4a12560b907,Published
32,Factory to Market: The Complete Sales & Distribution Playbook,Manufacturing,business-tools,299,YES,5,factory-to-market-sales-distribution-playbook,6ac0f810dd3bf4a12560b909,Published
33,"Manufacturing Funding, Loans & Subsidies Playbook",Manufacturing,business-tools,299,YES,6,manufacturing-funding-loans-subsidies-playbook,6ac0f810dd3bf4a12560b90a,Published
34,"Manufacturing Risks, Breakdowns & Profit Leaks Guide",Manufacturing,business-tools,299,YES,5,manufacturing-risks-breakdowns-profit-leaks-guide,6ac0f810dd3bf4a12560b90b,Published
35,Airbnb Ready-to-Rent Business System Beginner Friendly,Services,business-plans,299,NO,0,airbnb-ready-to-rent-business-system-beginner-friendly,6ac0f810dd3bf4a12560b928,Published
36,EV Charging Station Master Plan: Revenue Model & Govt. Policy Guide - Profit Blueprint,Services,business-plans,299,YES,4,ev-charging-station-master-plan-revenue-model-govt-policy-guide-profit-blueprint,6ac0f810dd3bf4a12560b929,Published
37,Booked Solid,Services,business-tools,299,NO,0,booked-solid,6ac0f810dd3bf4a12560b90f,Published
38,"Hiring, Training & SOPs for Service Teams",Services,business-tools,299,NO,0,hiring-training-and-sops-for-service-teams,6ac0f810dd3bf4a12560b912,Published
39,"Licenses, Permissions & Local Compliance Simplified",Services,business-tools,299,NO,0,licenses-permissions-and-local-compliance-simplified,6ac0f810dd3bf4a12560b913,Published
40,Local Business Domination Playbook (India),Services,business-tools,299,NO,0,local-business-domination-playbook-india,6ac0f810dd3bf4a12560b914,Published
41,Local Lead Generation & Google Maps Growth Guide,Services,business-tools,299,YES,0,local-lead-generation-google-maps-growth-guide,6ac0f810dd3bf4a12560b915,Published
42,Service Business Risks & Revenue Stabilisation Guide,Services,business-tools,299,NO,0,service-business-risks-revenue-stabilisation-guide,6ac0f810dd3bf4a12560b917,Published