Number,Has_R2_Image,Has_R2_PDF,Matched_DB_Course_Title,Match_Status,Package_Type,DB_Category,Original_Master_Title,Original_Category,R2_Image_URL,R2_PDF_URL
9,YES,YES,Expansion: From One Outlet to Multiple Locations,DIRECT MATCH,business-tools,Services,Business Expansion & Multi-Location Growth Playbook,Business Growth & Expansion,,https://pub-eaf43b6e4e2a484d829c060e1d1b651a.r2.dev/uploads/pdfs/9.pdf
11,YES,YES,"Pricing, Offers & Subscription Models Guide",DIRECT MATCH,business-tools,Digital,Smart Pricing & Profit System Playbook,Business Finance,,
12,YES,NO,Scaling from Small Batch to Mass Production,EXACT MATCH,business-tools,F&B,Small Batch to Mass Production,Manufacturing,https://pub-eaf43b6e4e2a484d829c060e1d1b651a.r2.dev/course-images/12.png,
13,YES,YES,"Packaging, Shelf-Life & Food Safety Playbook",DIRECT MATCH,business-tools,F&B,Food Packaging & FSSAI Compliance System for Food Businesses in India,Food Business,,https://pub-eaf43b6e4e2a484d829c060e1d1b651a.r2.dev/uploads/pdfs/13.pdf
24,YES,YES,Plastic Is Dying Build a Green Packaging Brand Before 2030,REFINED EQUIVALENT,business-plan,Manufacturing,Greenpack Business Plan | Eco-Friendly Packaging Business Blueprint,Sustainable Manufacturing,,https://pub-eaf43b6e4e2a484d829c060e1d1b651a.r2.dev/uploads/pdfs/24.pdf
33,YES,YES,Podcast & Content Studio: Commercial Business Plan & Equipment Guide,EXACT MATCH,business-plan,Digital,Studio Business Plan | Build a Profitable Podcast & Content Studio,Media & Creative Business,,https://pub-eaf43b6e4e2a484d829c060e1d1b651a.r2.dev/uploads/pdfs/33.pdf
39,YES,YES,Customer Experience & Repeat Business Blueprint,SEMANTIC MATCH,business-tools,Services,Customer Acquisition Playbook | Build a Predictable Customer Growth System,Marketing & Growth,https://pub-eaf43b6e4e2a484d829c060e1d1b651a.r2.dev/course-images/39.png,
46,YES,NO,"D2C Marketing System: Ads, Influencers & Content",SEMANTIC MATCH,business-tools,Commerce,Meta Ads Scaling Framework | Scale Profitable Facebook & Instagram Ads,Performance Marketing,,https://pub-eaf43b6e4e2a484d829c060e1d1b651a.r2.dev/uploads/pdfs/50.pdf
52,YES,YES,"Retail Pricing, Discounts & Profit Protection Playbook",DIRECT MATCH,business-tools,Commerce,"Marketplace Selling Blueprint | Master Amazon, Flipkart & Online Marketplace Sales",E-commerce,https://pub-eaf43b6e4e2a484d829c060e1d1b651a.r2.dev/course-images/52.png,https://pub-eaf43b6e4e2a484d829c060e1d1b651a.r2.dev/uploads/pdfs/56.pdf
58,YES,YES,Raw Material Sourcing & Vendor Lock-In Strategy,DIRECT MATCH,business-tools,Manufacturing,Vendor Management System | Build Strong Supplier & Vendor Relationships,Operations & Supply Chain,,https://pub-eaf43b6e4e2a484d829c060e1d1b651a.r2.dev/uploads/pdfs/58.pdf
59,YES,YES,"Scaling with Teams, Freelancers & Systems",DIRECT MATCH,business-tools,Digital,Employee Hiring & Management Framework | Build High-Performing Teams,Human Resources,,https://pub-eaf43b6e4e2a484d829c060e1d1b651a.r2.dev/uploads/pdfs/59.pdf
60,YES,YES,"Production SOPs, Quality Control & Waste Reduction",DIRECT MATCH,business-tools,Manufacturing,SOP Creation Framework | Build Standard Operating Procedures for Business Growth,Business Operations,https://pub-eaf43b6e4e2a484d829c060e1d1b651a.r2.dev/course-images/60.png,
62,YES,NO,"B2B Sales, Dealerships & Distribution Systems",DIRECT MATCH,business-tools,Manufacturing,CRM Setup Blueprint | Build a Customer Management System That Drives Sales,Sales & CRM,https://pub-eaf43b6e4e2a484d829c060e1d1b651a.r2.dev/course-images/62.png,
71,YES,YES,Commercial Hydroponics Farm: High-Tech Agriculture Business Plan,REFINED EQUIVALENT,business-plan,Agriculture,Organic Farming Business Plan | Build a Sustainable Agriculture Business,Agriculture Business,https://pub-eaf43b6e4e2a484d829c060e1d1b651a.r2.dev/course-images/71.png,
83,YES,NO,EV Charging Station Master Plan: Revenue Model & Govt. Policy Guide - Profit Blueprint,DIRECT MATCH,business-plan,Services,Video Production Business Plan | Build & Scale a Successful Production Company,Creative Services,https://pub-eaf43b6e4e2a484d829c060e1d1b651a.r2.dev/course-images/83.png,
95,YES,NO,Vyapaarkit Marketing Tool,EXACT MATCH,business-tools,Commerce,Business-in-a-Box | The Complete Entrepreneur Success Toolkit,Business Toolkit,https://pub-eaf43b6e4e2a484d829c060e1d1b651a.r2.dev/course-images/95.png,
16,business-tools,Agriculture,"Agri Branding, Packaging & Market Entry Playbook",,,,,,,
17,business-tools,Agriculture,Agri Supply Chain & Buyer Discovery System,,,,,,,
18,business-tools,Agriculture,Farm SOPs & Scale-Up Systems,,,,,,,
24,business-tools,Commerce,"Supplier Sourcing, Private Label & Margin Strategy",,,,,,,
25,business-tools,Digital,Digital & AI Business Blueprint for India,,,,,,,
50,business-tools,Manufacturing,"Compliance, Labour Laws & Factory Licenses Simplified",,,,,,,
52,business-tools,Manufacturing,Factory to Market: The Complete Sales & Distribution Playbook,,,,,,,
53,business-tools,Manufacturing,"Manufacturing Funding, Loans & Subsidies Playbook",,,,,,,
54,business-tools,Manufacturing,"Manufacturing Risks, Breakdowns & Profit Leaks Guide",,,,,,,
58,business-tools,Services,Booked Solid,,,,,,,
62,business-tools,Services,"Licenses, Permissions & Local Compliance Simplified",,,,,,,
66,business-tools,Services,Service Business Risks & Revenue Stabilisation Guide,,,,,,,
69,business-tools,Digital,"Digital Business Risks, Burnout & Platform Dependency Guide",,,,,,,
70,business-tools,Digital,"Global Clients, Payments & Tax Compliance Guide",,,,,,,
71,business-tools,Digital,High-Demand Digital Products & Services Finder,,,,,,,
75,business-tools,F&B,"Food Business Risks, Recalls & Failure Prevention Guide",,,,,,,
76,business-tools,F&B,"Food Costing, Pricing & Margin Control Bible",,,,,,,
77,business-tools,F&B,Food Marketing & Distribution Growth System,,,,,,,
78,business-plan,F&B,Food Truck Business Mobile Kitchen Income System,,,,,,,
79,business-plan,F&B,1L per Month Namkeen & Popcorn Business Blueprint,,,,,,,
81,business-plan,Manufacturing,Build an Ayurvedic Supplements Brand - Enter India's Fastest Growing Wellness Market - Profit Blueprint,,,,,,,
82,business-plan,Manufacturing,Spices (Masala) Manufacturing Unit: Complete Project Report for Mudra Loan - Profit Blueprint,,,,,,,
83,business-plan,Services,Airbnb Ready-to-Rent Business System Beginner Friendly,,,,,,,
85,business-tools,Agriculture,Agri Funding & Loan Mastery Guide,,,,,,,
86,business-tools,Agriculture,"Agri Risks, Climate Threats & Profit Protection Guide",,,,,,,
88,business-tools,Agriculture,"Government Schemes, Subsidies & Grants Bible (Agri Edition)",,,,,,,
89,business-tools,Agriculture,High-Margin Crop & Product Selection Blueprint,,,,,,,
90,business-tools,Agriculture,The Indian Farmer-to-Founder Playbook,,,,,,,
93,business-tools,Commerce,"Retail Risks, Returns & Brand Failure Prevention",,,,,,,
96,business-tools,F&B,From Kitchen to Customer,,,,,,,
